Workbook

Sheet الملخص
A1: توقع إقفال 2026 بنموذج هولت-وينترز الهجين (حسب التبويب، بدون الضريبة)
A2: هولت-وينترز (ETS: اتجاه + موسمية 12 شهراً، اختيار الجمعي/الضربي والتخميد بأقل AIC) على المحصل الشهري يناير 2023 – سبتمبر 2026 بعد استبعاد القفزات الاستثنائية، ثم الطبقة الهجينة: × العوامل الخارجية + الدفعات الاستثنائية المعروفة. أكتوبر لا يقل عن المحصل حتى تاريخه. الإقفال = الفعلي التراكمي حتى سبتمبر (ملف المراقبة) + أكتوبر–ديسمبر. الحد الأدنى والأعلى = نطاق ثقة 80% للنموذج (الأدنى بدون عوامل أو دفعات استثنائية).
A4: التبويب | B4: الفعلي التراكمي يناير–سبتمبر | C4: أكتوبر: المحصل حتى تاريخه | D4: هولت-وينترز أكتوبر | E4: هولت-وينترز نوفمبر | F4: هولت-وينترز ديسمبر | G4: المعامل الخارجي | H4: الهجين أكتوبر | I4: الهجين نوفمبر | J4: الهجين ديسمبر | K4: الهجين أكتوبر–ديسمبر | L4: إقفال 2026 – هجين | M4: إقفال 2026 – حد أدنى (80%) | N4: إقفال 2026 – حد أعلى (80%) | O4: مستهدف أكتوبر–ديسمبر | P4: المستهدف السنوي | Q4: الهجين ÷ المستهدف السنوي | R4: إقفال – هولت-وينترز فقط
A5: إيرادات إستثمارية | B5: 1.0521469e+09 | C5: 33361605 | D5: 1.1055523e+08 | E5: 1.1356139e+08 | F5: 80323997 | G5: ='العوامل والدفعات'!D5 | H5: =MAX(C5,D5*G5+'العوامل والدفعات'!B14) | I5: =E5*G5+'العوامل والدفعات'!C14 | J5: =F5*G5+'العوامل والدفعات'!D14 | K5: =H5+I5+J5 | L5: =B5+K5 | M5: =B5+MAX(C5,76159658.46)+125094251.91 | N5: =B5+MAX(C5,144950797.79*G5+'العوامل والدفعات'!B14)+147956964.50*G5+'العوامل والدفعات'!C14+114719567.10*G5+'العوامل والدفعات'!D14 | O5: 7.8862089e+08 | P5: =O5+1038815836.09 | Q5: =IF(P5=0,"",L5/P5) | R5: =B5+MAX(C5,D5)+E5+F5
A6: الرسوم والتراخيص | B6: 8.9364014e+08 | C6: 47001538 | D6: 98200597 | E6: 88771754 | F6: 1.1552833e+08 | G6: ='العوامل والدفعات'!D6 | H6: =MAX(C6,D6*G6+'العوامل والدفعات'!B15) | I6: =E6*G6+'العوامل والدفعات'!C15 | J6: =F6*G6+'العوامل والدفعات'!D15 | K6: =H6+I6+J6 | L6: =B6+K6 | M6: =B6+MAX(C6,80711838.79)+169322563.95 | N6: =B6+MAX(C6,115689354.46*G6+'العوامل والدفعات'!B15)+106260512.41*G6+'العوامل والدفعات'!C15+133017083.39*G6+'العوامل والدفعات'!D15 | O6: 2.6102494e+08 | P6: =O6+895660932.61 | Q6: =IF(P6=0,"",L6/P6) | R6: =B6+MAX(C6,D6)+E6+F6
A7: جزاءات وغرامات | B7: 6.389949e+08 | C7: 33304429 | D7: 31888676 | E7: 31250603 | F7: 40446734 | G7: ='العوامل والدفعات'!D7 | H7: =MAX(C7,D7*G7+'العوامل والدفعات'!B16) | I7: =E7*G7+'العوامل والدفعات'!C16 | J7: =F7*G7+'العوامل والدفعات'!D16 | K7: =H7+I7+J7 | L7: =B7+K7 | M7: =B7+MAX(C7,21773724.76)+47828917.85 | N7: =B7+MAX(C7,42016411.89*G7+'العوامل والدفعات'!B16)+41703469.26*G7+'العوامل والدفعات'!C16+52585115.13*G7+'العوامل والدفعات'!D16 | O7: 1.3477003e+08 | P7: =O7+426733084.54 | Q7: =IF(P7=0,"",L7/P7) | R7: =B7+MAX(C7,D7)+E7+F7
A8: التبغ والإيواء | B8: 2.0909492e+08 | C8: 17460981 | D8: 23506010 | E8: 27745565 | F8: 25883310 | G8: ='العوامل والدفعات'!D8 | H8: =MAX(C8,D8*G8+'العوامل والدفعات'!B17) | I8: =E8*G8+'العوامل والدفعات'!C17 | J8: =F8*G8+'العوامل والدفعات'!D17 | K8: =H8+I8+J8 | L8: =B8+K8 | M8: =B8+MAX(C8,19696766.94)+44800258.72 | N8: =B8+MAX(C8,27618510.21*G8+'العوامل والدفعات'!B17)+32163408.61*G8+'العوامل والدفعات'!C17+30473567.23*G8+'العوامل والدفعات'!D17 | O8: 90793706 | P8: =O8+308355656.80 | Q8: =IF(P8=0,"",L8/P8) | R8: =B8+MAX(C8,D8)+E8+F8
A9: أخرى | B9: 1.9334308e+08 | C9: 7521820.6 | D9: 28841710 | E9: 31513541 | F9: 28210460 | G9: ='العوامل والدفعات'!D9 | H9: =MAX(C9,D9*G9+'العوامل والدفعات'!B18) | I9: =E9*G9+'العوامل والدفعات'!C18 | J9: =F9*G9+'العوامل والدفعات'!D18 | K9: =H9+I9+J9 | L9: =B9+K9 | M9: =B9+MAX(C9,22134264.14)+44997241.05 | N9: =B9+MAX(C9,35561465.09*G9+'العوامل والدفعات'!B18)+38749488.20*G9+'العوامل والدفعات'!C18+35479757.76*G9+'العوامل والدفعات'!D18 | O9: 22008335 | P9: =O9+83216589.45 | Q9: =IF(P9=0,"",L9/P9) | R9: =B9+MAX(C9,D9)+E9+F9
A10: الإجمالي | B10: =SUM(B5:B9) | C10: =SUM(C5:C9) | D10: =SUM(D5:D9) | E10: =SUM(E5:E9) | F10: =SUM(F5:F9) | H10: =SUM(H5:H9) | I10: =SUM(I5:I9) | J10: =SUM(J5:J9) | K10: =SUM(K5:K9) | L10: =SUM(L5:L9) | M10: =SUM(M5:M9) | N10: =SUM(N5:N9) | O10: =SUM(O5:O9) | P10: =SUM(P5:P9) | Q10: =IF(P10=0,"",L10/P10) | R10: =SUM(R5:R9)

Sheet العوامل والدفعات
A1: المدخلات القابلة للتعديل (الخلايا الصفراء)
A2: العوامل الخارجية: نسب تُطبَّق على توقع هولت-وينترز لأكتوبر–ديسمبر حسب التبويب. القيم الافتراضية من منهجية العرض: موسم الرياض +15% للتراخيص والتصاريح والإيواء والتبغ، والعوامل الاجتماعية +5% لإيرادات المستهلك (التبغ والإيواء). تنبيه: اختبار الربع الأخير 2025 يُظهر أن النموذج بدون عوامل كان دقيقاً للرسوم والتراخيص (+3%) وأعلى من الفعلي للتبغ والإيواء (+19%)، فقد تكون العوامل محسوبة مرتين لأن موسم الرياض موجود في بيانات السنوات السابقة. ضعها صفراً إن أردت النموذج الإحصائي فقط.
A4: التبويب | B4: موسم الرياض والفعاليات | C4: العوامل الاجتماعية | D4: المعامل الكلي
A5: إيرادات إستثمارية | B5: 0 | C5: 0 | D5: =(1+B5)*(1+C5)
A6: الرسوم والتراخيص | B6: 0.15 | C6: 0 | D6: =(1+B6)*(1+C6)
A7: جزاءات وغرامات | B7: 0 | C7: 0 | D7: =(1+B7)*(1+C7)
A8: التبغ والإيواء | B8: 0.15 | C8: 0.05 | D8: =(1+B8)*(1+C8)
A9: أخرى | B9: 0 | C9: 0 | D9: =(1+B9)*(1+C9)
A12: الدفعات الاستثنائية المعروفة (تُضاف خارج النموذج لأن النموذج يستبعد القفزات)
A13: التبويب | B13: أكتوبر | C13: نوفمبر | D13: ديسمبر | E13: البيان
A14: إيرادات إستثمارية | B14: 0 | C14: 441000000 | D14: 0 | E14: تأجير المرافق: الباقي من إقفالك المعدّل 917م (916.7 − 428.7 فعلي)، موزّع على نوفمبر حسب المستهدف الشهري. عدّله إن تغيّر.
A15: الرسوم والتراخيص | B15: 0 | C15: 0 | D15: 0
A16: جزاءات وغرامات | B16: 0 | C16: 0 | D16: 0
A17: التبغ والإيواء | B17: 0 | C17: 0 | D17: 0
A18: أخرى | B18: 0 | C18: 0 | D18: 0

Sheet النموذج والاختبار
A1: مواصفات النموذج لكل تبويب واختبار الدقة على الربع الأخير 2025
A2: الاختبار: تدريب النموذج على يناير 2023 – سبتمبر 2025 فقط ثم توقع أكتوبر–ديسمبر 2025 ومقارنته بالفعلي (بعد استبعاد القفزات). القيم بالمليون.
A4: التبويب | B4: الموسمية | C4: تخميد الاتجاه | D4: alpha (المستوى) | E4: beta (الاتجاه) | F4: gamma (الموسمية) | G4: phi (التخميد) | H4: AIC | I4: اختبار: المتوقع Q4-2025 | J4: اختبار: الفعلي Q4-2025 | K4: خطأ المجموع | L4: MAPE الشهري | M4: القفزات المستبعدة (شهر: مليون)
A5: إيرادات إستثمارية | B5: جمعية | C5: لا | D5: 0.0001 | E5: 0 | F5: 0.0001 | H5: 459.7915 | I5: 312.4157 | J5: 252.0863 | K5: 0.2393 | L5: 0.9105 | M5: 2023-09: 3.3، 2024-10: 28.0، 2025-05: 197.1، 2025-11: 559.2، 2026-06: 351.0
A6: الرسوم والتراخيص | B6: جمعية | C6: نعم | D6: 0.0001 | E6: 0 | F6: 0.0001 | G6: 0.902 | H6: 400.9183 | I6: 272.854 | J6: 269.6665 | K6: 0.0118 | L6: 0.0724 | M6: 2024-07: 271.5، 2024-12: 69.6
A7: جزاءات وغرامات | B7: ضربية | C7: نعم | D7: 0.1819 | E7: 0.1819 | F7: 0.0001 | G7: 0.8 | H7: 351.5725 | I7: 72.7077 | J7: 114.7851 | K7: -0.3666 | L7: 0.3375 | M7: —
A8: التبغ والإيواء | B8: ضربية | C8: لا | D8: 0.4738 | E8: 0 | F8: 0.0001 | H8: 261.9527 | I8: 90.848 | J8: 76.3873 | K8: 0.1893 | L8: 0.2163 | M8: —
A9: أخرى | B9: ضربية | C9: لا | D9: 0.0958 | E9: 0.0958 | F9: 0.0001 | H9: 314.0949 | I9: 19.478 | J9: 7.0379 | K9: 1.7676 | L9: 2.1081 | M9: 2024-02: 20.7، 2026-06: 11.6، 2026-07: 21.8، 2026-09: 15.3
A10: الإجمالي | I10: =SUM(I5:I9) | J10: =SUM(J5:J9) | K10: =I10/J10-1

Sheet السلسلة الشهرية
A1: المحصل الشهري لكل تبويب (مليون): الفعلي، وبعد استبعاد القفزات، وقيمة النموذج، وتوقع أكتوبر–ديسمبر 2026
A3: الشهر | B3: إيرادات إستثمارية: فعلي | C3: إيرادات إستثمارية: بعد الاستبعاد | D3: إيرادات إستثمارية: النموذج | E3: الرسوم والتراخيص: فعلي | F3: الرسوم والتراخيص: بعد الاستبعاد | G3: الرسوم والتراخيص: النموذج | H3: جزاءات وغرامات: فعلي | I3: جزاءات وغرامات: بعد الاستبعاد | J3: جزاءات وغرامات: النموذج | K3: التبغ والإيواء: فعلي | L3: التبغ والإيواء: بعد الاستبعاد | M3: التبغ والإيواء: النموذج | N3: أخرى: فعلي | O3: أخرى: بعد الاستبعاد | P3: أخرى: النموذج
A4: 2023-01 | B4: 61.97 | C4: 61.97 | D4: 53.71 | E4: 95.96 | F4: 95.96 | G4: 99.93 | H4: 47.99 | I4: 47.99 | J4: 42.52 | K4: 26.83 | L4: 26.83 | M4: 26.71 | N4: 9.63 | O4: 9.63 | P4: 12.63
A5: 2023-02 | B5: 31.88 | C5: 31.88 | D5: 48.27 | E5: 78.9 | F5: 78.9 | G5: 79.14 | H5: 38.64 | I5: 38.64 | J5: 46.03 | K5: 23.32 | L5: 23.32 | M5: 24.6 | N5: 17.19 | O5: 17.19 | P5: 18.52
A6: 2023-03 | B6: 32.91 | C6: 32.91 | D6: 34.93 | E6: 97.35 | F6: 97.35 | G6: 68.33 | H6: 45.81 | I6: 45.81 | J6: 35.61 | K6: 25.08 | L6: 25.08 | M6: 24.44 | N6: 12.1 | O6: 12.1 | P6: 6.03
A7: 2023-04 | B7: 35.07 | C7: 35.07 | D7: 35.25 | E7: 47.73 | F7: 47.73 | G7: 61.94 | H7: 29.11 | I7: 29.11 | J7: 47.68 | K7: 20.47 | L7: 20.47 | M7: 15.95 | N7: 4.85 | O7: 4.85 | P7: 3.46
A8: 2023-05 | B8: 93.86 | C8: 93.86 | D8: 88.23 | E8: 89.96 | F8: 89.96 | G8: 87.84 | H8: 51.89 | I8: 51.89 | J8: 44.18 | K8: 18.4 | L8: 18.4 | M8: 20.76 | N8: 12.3 | O8: 12.3 | P8: 8.38
A9: 2023-06 | B9: 43.18 | C9: 43.18 | D9: 60.31 | E9: 72.09 | F9: 72.09 | G9: 92.16 | H9: 43.21 | I9: 43.21 | J9: 39.39 | K9: 22.9 | L9: 22.9 | M9: 23.19 | N9: 7.24 | O9: 7.24 | P9: 11.5
A10: 2023-07 | B10: 70.43 | C10: 70.43 | D10: 64.82 | E10: 104.61 | F10: 104.61 | G10: 103.77 | H10: 49.46 | I10: 49.46 | J10: 43.34 | K10: 23.37 | L10: 23.37 | M10: 18.29 | N10: 9.89 | O10: 9.89 | P10: 12.98
A11: 2023-08 | B11: 66.39 | C11: 66.39 | D11: 64.19 | E11: 99.69 | F11: 99.69 | G11: 92.29 | H11: 46.14 | I11: 46.14 | J11: 43.26 | K11: 24.73 | L11: 24.73 | M11: 23 | N11: 7.88 | O11: 7.88 | P11: 2.97
A12: 2023-09 | B12: 148.32 | C12: 145.04 | D12: 74.63 | E12: 88 | F12: 88 | G12: 87.41 | H12: 27.82 | I12: 27.82 | J12: 37.97 | K12: 21.64 | L12: 21.64 | M12: 23.29 | N12: 6.42 | O12: 6.42 | P12: 11.97
A13: 2023-10 | B13: 111.48 | C13: 111.48 | D13: 96 | E13: 96.1 | F13: 96.1 | G13: 93.86 | H13: 29.62 | I13: 29.62 | J13: 37.52 | K13: 28.86 | L13: 28.86 | M13: 29.49 | N13: 9.79 | O13: 9.79 | P13: 12.38
A14: 2023-11 | B14: 55.81 | C14: 55.81 | D14: 99.01 | E14: 75.86 | F14: 75.86 | G14: 84.86 | H14: 26.86 | I14: 26.86 | J14: 34.48 | K14: 34.8 | L14: 34.8 | M14: 34.46 | N14: 15.04 | O14: 15.04 | P14: 12.37
A15: 2023-12 | B15: 66.14 | C15: 66.14 | D15: 65.77 | E15: 100.65 | F15: 100.65 | G15: 112 | H15: 31.44 | I15: 31.44 | J15: 40.41 | K15: 28.73 | L15: 28.73 | M15: 32.3 | N15: 10.14 | O15: 10.14 | P15: 10.83
... A48: 2026-09 | B48: 59.03 | C48: 59.03 | D48: 89.2 | E48: 89.75 | F48: 89.75 | G48: 92.22 | H48: 37.13 | I48: 37.13 | J48: 29.63 | K48: 16.07 | L48: 16.07 | M48: 19.63 | N48: 40.89 | O48: 25.55 | P48: 25.11
A49: 2026-10 (توقع) | D49: 110.56 | G49: 98.2 | J49: 31.89 | M49: 23.51 | P49: 28.84
A50: 2026-11 (توقع) | D50: 113.56 | G50: 88.77 | J50: 31.25 | M50: 27.75 | P50: 31.51
A51: 2026-12 (توقع) | D51: 80.32 | G51: 115.53 | J51: 40.45 | M51: 25.88 | P51: 28.21
