Workbook

Sheet الايراد لنهاية السنة
A1: السنة | B1: التنظيم الايداري | C1: التبويب | D1: فعلي | E1: مقدر | F1: مستهدف | G1: محصل السنة الماضية | H1: نسبة_الفعلي_من المقدر | I1: نسبة_الفعلي_من المستهدف | J1: نسبة_الفعلي_من_محصل_السنة_الماضية
A2: 2026 | B2: منطقة الرياض | C2: إيرادات إستثمارية | D2: 8.755107e+08 | E2: 7.6064163e+08 | F2: 8.6184247e+08 | G2: 6.4428706e+08 | H2: =(D2-E2)/E2 -> 0.15101601 | I2: =(D2-F2)/F2 -> 0.015859308 | J2: =IFERROR(((D2-G2)/G2),0) -> 0.35888295
A3: 2026 | B3: منطقة الرياض | C3: الرسوم والتراخيص | D3: 7.9314483e+08 | E3: 6.7422337e+08 | F3: 7.3006728e+08 | G3: 7.1341816e+08 | H3: =(D3-E3)/E3 -> 0.17638289 | I3: =(D3-F3)/F3 -> 0.086399649 | J3: =IFERROR(((D3-G3)/G3),0) -> 0.11175308
A4: 2026 | B4: منطقة الرياض | C4: جزاءات وغرامات | D4: 5.5229395e+08 | E4: 2.560666e+08 | F4: 3.1787729e+08 | G4: 2.0534938e+08 | H4: =(D4-E4)/E4 -> 1.1568371 | I4: =(D4-F4)/F4 -> 0.73744384 | J4: =IFERROR(((D4-G4)/G4),0) -> 1.689533
A5: 2026 | B5: منطقة الرياض | C5: التبغ والإيواء | D5: 1.7179564e+08 | E5: 2.2655734e+08 | F5: 2.4436788e+08 | G5: 1.9347815e+08 | H5: =(D5-E5)/E5 -> -0.24171229 | I5: =(D5-F5)/F5 -> -0.29697945 | J5: =IFERROR(((D5-G5)/G5),0) -> -0.11206695
A6: 2026 | B6: منطقة الرياض | C6: أخرى | D6: 62112399 | E6: 11198996 | F6: 6859051.2 | G6: 3213063.5 | H6: =(D6-E6)/E6 -> 4.5462471 | I6: =(D6-F6)/F6 -> 8.0555381 | J6: =IFERROR(((D6-G6)/G6),0) -> 18.331208
A7: 2026 | B7: مدينة الرياض | C7: إيرادات إستثمارية | D7: 7.830513e+08 | E7: 6.506346e+08 | F7: 7.1695215e+08 | G7: 4.70219e+08 | H7: =(D7-E7)/E7 -> 0.20351931 | I7: =(D7-F7)/F7 -> 0.092194654 | J7: =IFERROR(((D7-G7)/G7),0) -> 0.66529063
A8: 2026 | B8: مدينة الرياض | C8: الرسوم والتراخيص | D8: 6.978576e+08 | E8: 5.945941e+08 | F8: 6.4901048e+08 | G8: 5.3544543e+08 | H8: =(D8-E8)/E8 -> 0.17367058 | I8: =(D8-F8)/F8 -> 0.075264003 | J8: =IFERROR(((D8-G8)/G8),0) -> 0.30332162
A9: 2026 | B9: مدينة الرياض | C9: جزاءات وغرامات | D9: 5.3094792e+08 | E9: 2.4485738e+08 | F9: 3.0448925e+08 | G9: 1.9689334e+08 | H9: =(D9-E9)/E9 -> 1.1683966 | I9: =(D9-F9)/F9 -> 0.74373286 | J9: =IFERROR(((D9-G9)/G9),0) -> 1.6966272
A10: 2026 | B10: مدينة الرياض | C10: التبغ والإيواء | D10: 1.6397664e+08 | E10: 2.2239482e+08 | F10: 2.3987732e+08 | G10: 1.8710293e+08 | H10: =(D10-E10)/E10 -> -0.26267777 | I10: =(D10-F10)/F10 -> -0.31641456 | J10: =IFERROR(((D10-G10)/G10),0) -> -0.12360195
A11: 2026 | B11: مدينة الرياض | C11: أخرى | D11: 62103117 | E11: 2333331 | F11: 3696427.7 | G11: 3182059 | H11: =(D11-E11)/E11 -> 25.615648 | I11: =(D11-F11)/F11 -> 15.800847 | J11: =IFERROR(((D11-G11)/G11),0) -> 18.516645
A12: 2026 | B12: بلديات المنطقة | C12: إيرادات إستثمارية | D12: =D2-D7 -> 92459397 | E12: =E2-E7 -> 1.1000703e+08 | F12: =F2-F7 -> 1.4489033e+08 | G12: =G2-G7 -> 1.7406806e+08 | H12: =(D12-E12)/E12 -> -0.15951378 | I12: =(D12-F12)/F12 -> -0.36186632 | J12: =IFERROR(((D12-G12)/G12),0) -> -0.46883191
A13: 2026 | B13: بلديات المنطقة | C13: الرسوم والتراخيص | D13: =D3-D8 -> 95287231 | E13: =E3-E8 -> 79629268 | F13: =F3-F8 -> 81056800 | G13: =G3-G8 -> 1.7797273e+08 | H13: =(D13-E13)/E13 -> 0.19663577 | I13: =(D13-F13)/F13 -> 0.17556121 | J13: =IFERROR(((D13-G13)/G13),0) -> -0.46459645
A14: 2026 | B14: بلديات المنطقة | C14: جزاءات وغرامات | D14: =D4-D9 -> 21346027 | E14: =E4-E9 -> 11209223 | F14: =F4-F9 -> 13388040 | G14: =G4-G9 -> 8456047.5 | H14: =(D14-E14)/E14 -> 0.90432702 | I14: =(D14-F14)/F14 -> 0.59441017 | J14: =IFERROR(((D14-G14)/G14),0) -> 1.5243504
A15: 2026 | B15: بلديات المنطقة | C15: التبغ والإيواء | D15: =D5-D10 -> 7819001 | E15: =E5-E10 -> 4162519.7 | F15: =F5-F10 -> 4490561.2 | G15: =G5-G10 -> 6375221.3 | H15: =(D15-E15)/E15 -> 0.87842978 | I15: =(D15-F15)/F15 -> 0.74120796 | J15: =IFERROR(((D15-G15)/G15),0) -> 0.22646737
A16: 2026 | B16: بلديات المنطقة | C16: أخرى | D16: =D6-D11 -> 9282.14 | E16: =E6-E11 -> 8865664.9 | F16: =F6-F11 -> 3162623.5 | G16: =G6-G11 -> 31004.57 | H16: =(D16-E16)/E16 -> -0.99895302 | I16: =(D16-F16)/F16 -> -0.99706505 | J16: =IFERROR(((D16-G16)/G16),0) -> -0.70062026

Sheet الايراد حتى تاريخه
A1: التنظيم الايداري | B1: التبويب | C1: مفوتر | D1: فعلي | E1: محصل سنوات سابقة | F1: مقدر | G1: مستهدف | H1: محصل السنة الماضية | I1: نسبة_الفعلي_من المقدر | J1: نسبة_الفعلي_من المستهدف | K1: نسبة_الفعلي_من_محصل_السنة_الماضية
A2: منطقة الرياض | B2: إيرادات إستثمارية | C2: 1.0763932e+09 | D2: 1.0521469e+09 | E2: 1.7209227e+08 | F2: 9.2761656e+08 | G2: 9.6143227e+08 | H2: 7.1044287e+08 | I2: =(D2-F2)/F2 -> 0.13424765 | J2: =(D2-G2)/G2 -> 0.094353642 | K2: =IFERROR(((D2-H2)/H2),0) -> 0.48097326
A3: منطقة الرياض | B3: الرسوم والتراخيص | C3: 8.8625622e+08 | D3: 8.9278543e+08 | E3: 60232780 | F3: 7.9642604e+08 | G3: 8.4890799e+08 | H3: 8.1524747e+08 | I3: =(D3-F3)/F3 -> 0.12098976 | J3: =(D3-G3)/G3 -> 0.051686916 | K3: =IFERROR(((D3-H3)/H3),0) -> 0.095109721
A4: منطقة الرياض | B4: جزاءات وغرامات | C4: 1.1783333e+09 | D4: 6.3890253e+08 | E4: 1.6610092e+08 | F4: 3.0683615e+08 | G4: 3.7595236e+08 | H4: 2.4075291e+08 | I4: =(D4-F4)/F4 -> 1.082227 | J4: =(D4-G4)/G4 -> 0.69942416 | K4: =IFERROR(((D4-H4)/H4),0) -> 1.6537687
A5: منطقة الرياض | B5: التبغ والإيواء | C5: 2.3459821e+08 | D5: 2.0907751e+08 | E5: 10013687 | F5: 2.5518907e+08 | G5: 2.753053e+08 | H5: 2.1632663e+08 | I5: =(D5-F5)/F5 -> -0.18069567 | J5: =(D5-G5)/G5 -> -0.24056127 | K5: =IFERROR(((D5-H5)/H5),0) -> -0.033510088
A6: منطقة الرياض | B6: أخرى | C6: 4.4428305e+08 | D6: 1.9334219e+08 | E6: 21834767 | F6: 12827424 | G6: 7852521 | H6: 4934083.5 | I6: =(D6-F6)/F6 -> 14.072566 | J6: =(D6-G6)/G6 -> 23.621672 | K6: =IFERROR(((D6-H6)/H6),0) -> 38.185027
A7: مدينة الرياض | B7: إيرادات إستثمارية | C7: 8.8769624e+08 | D7: 9.0901939e+08 | E7: 1.0329478e+08 | F7: 7.9910026e+08 | G7: 7.9356843e+08 | H7: 5.6950383e+08 | I7: =(D7-F7)/F7 -> 0.13755361 | J7: =(D7-G7)/G7 -> 0.14548331 | K7: =IFERROR(((D7-H7)/H7),0) -> 0.59616027
A8: مدينة الرياض | B8: الرسوم والتراخيص | C8: 8.5601097e+08 | D8: 7.7729809e+08 | E8: 57229773 | F8: 7.0432085e+08 | G8: 7.5310526e+08 | H8: 7.3413257e+08 | I8: =(D8-F8)/F8 -> 0.10361362 | J8: =(D8-G8)/G8 -> 0.032124092 | K8: =IFERROR(((D8-H8)/H8),0) -> 0.05879799
A9: مدينة الرياض | B9: جزاءات وغرامات | C9: 1.0133251e+09 | D9: 6.0569399e+08 | E9: 1.5971965e+08 | F9: 2.9381537e+08 | G9: 3.602812e+08 | H9: 2.3330474e+08 | I9: =(D9-F9)/F9 -> 1.0614782 | J9: =(D9-G9)/G9 -> 0.68117011 | K9: =IFERROR(((D9-H9)/H9),0) -> 1.5961495
A10: مدينة الرياض | B10: التبغ والإيواء | C10: 2.2614146e+08 | D10: 1.9999074e+08 | E10: 9517463.3 | F10: 2.5044625e+08 | G10: 2.7010832e+08 | H10: 2.0624664e+08 | I10: =(D10-F10)/F10 -> -0.20146242 | J10: =(D10-G10)/G10 -> -0.25959058 | K10: =IFERROR(((D10-H10)/H10),0) -> -0.030332098
A11: مدينة الرياض | B11: أخرى | C11: 3.599104e+08 | D11: 1.100029e+08 | E11: 21516422 | F11: 2666664 | G11: 4238094.2 | H11: 4685405.1 | I11: =(D11-F11)/F11 -> 40.251128 | J11: =(D11-G11)/G11 -> 24.955746 | K11: =IFERROR(((D11-H11)/H11),0) -> 22.477777
A12: بلديات المنطقة | B12: إيرادات إستثمارية | C12: =C2-C7 -> 1.8869693e+08 | D12: =D2-D7 -> 1.4312752e+08 | E12: =E2-E7 -> 68797488 | F12: =F2-F7 -> 1.285163e+08 | G12: =G2-G7 -> 1.6786384e+08 | H12: =H2-H7 -> 1.4093904e+08 | I12: =(D12-F12)/F12 -> 0.11369158 | J12: =(D12-G12)/G12 -> -0.14735946 | K12: =IFERROR(((D12-H12)/H12),0) -> 0.015527797
A13: بلديات المنطقة | B13: الرسوم والتراخيص | C13: =C3-C8 -> 30245252 | D13: =D3-D8 -> 1.1548734e+08 | E13: =E3-E8 -> 3003006.7 | F13: =F3-F8 -> 92105185 | G13: =G3-G8 -> 95802728 | H13: =H3-H8 -> 81114901 | I13: =(D13-F13)/F13 -> 0.25386363 | J13: =(D13-G13)/G13 -> 0.20547028 | K13: =IFERROR(((D13-H13)/H13),0) -> 0.42375001
A14: بلديات المنطقة | B14: جزاءات وغرامات | C14: =C4-C9 -> 1.6500825e+08 | D14: =D4-D9 -> 33208533 | E14: =E4-E9 -> 6381270 | F14: =F4-F9 -> 13020779 | G14: =G4-G9 -> 15671157 | H14: =H4-H9 -> 7448169.4 | I14: =(D14-F14)/F14 -> 1.5504261 | J14: =(D14-G14)/G14 -> 1.1190863 | K14: =IFERROR(((D14-H14)/H14),0) -> 3.4586168
A15: بلديات المنطقة | B15: التبغ والإيواء | C15: =C5-C10 -> 8456749.6 | D15: =D5-D10 -> 9086760.6 | E15: =E5-E10 -> 496223.75 | F15: =F5-F10 -> 4742813.1 | G15: =G5-G10 -> 5196975.4 | H15: =H5-H10 -> 10079992 | I15: =(D15-F15)/F15 -> 0.91590104 | J15: =(D15-G15)/G15 -> 0.74847098 | K15: =IFERROR(((D15-H15)/H15),0) -> -0.09853492
A16: بلديات المنطقة | B16: أخرى | C16: =C6-C11 -> 84372653 | D16: =D6-D11 -> 83339297 | E16: =E6-E11 -> 318345.37 | F16: =F6-F11 -> 10160760 | G16: =G6-G11 -> 3614426.7 | H16: =H6-H11 -> 248678.41 | I16: =(D16-F16)/F16 -> 7.2020733 | J16: =(D16-G16)/G16 -> 22.057404 | K16: =IFERROR(((D16-H16)/H16),0) -> 334.1288

Sheet الايراد الشهر الحالي
A1: الشهر | B1: التنظيم الايداري | C1: التبويب | D1: فعلي | E1: مقدر | F1: مستهدف | G1: محصل السنة الماضية | H1: نسبة_الفعلي_من المقدر | I1: نسبة_الفعلي_من المستهدف | J1: نسبة_الفعلي_من_محصل_السنة_الماضية
A2: أغسطس | B2: منطقة الرياض | C2: إيرادات إستثمارية | D2: 22971267 | E2: 54786464 | F2: 69999703 | G2: 13772745 | H2: =(D2-E2)/E2 -> -0.58071274 | I2: =(D2-F2)/F2 -> -0.67183766 | J2: =IFERROR(((D2-G2)/G2),0) -> 0.66787859
A3: أغسطس | B3: منطقة الرياض | C3: الرسوم والتراخيص | D3: 122628944 | E3: 97736586 | F3: 99756717 | G3: 575138 | H3: =(D3-E3)/E3 -> 0.25468823 | I3: =(D3-F3)/F3 -> 0.22928007 | J3: =IFERROR(((D3-G3)/G3),0) -> 212.21656
A4: أغسطس | B4: منطقة الرياض | C4: جزاءات وغرامات | D4: 12749761 | E4: 51788401 | F4: 65551757 | G4: 6358540 | H4: =(D4-E4)/E4 -> -0.75381049 | I4: =(D4-F4)/F4 -> -0.80550085 | J4: =IFERROR(((D4-G4)/G4),0) -> 1.0051397
A5: أغسطس | B5: منطقة الرياض | C5: التبغ والإيواء | D5: 17170533 | E5: 28411403 | F5: 30530460 | G5: 448683 | H5: =(D5-E5)/E5 -> -0.39564643 | I5: =(D5-F5)/F5 -> -0.43759339 | J5: =IFERROR(((D5-G5)/G5),0) -> 37.268739
A6: أغسطس | B6: منطقة الرياض | C6: أخرى | D6: 269009.76 | E6: 1628427.9 | F6: 993469.82 | H6: =(D6-E6)/E6 -> -0.83480401 | I6: =(D6-F6)/F6 -> -0.72922201 | J6: =IFERROR(((D6-G6)/G6),0) -> 0
A7: أغسطس | B7: مدينة الرياض | C7: إيرادات إستثمارية | D7: 17656280 | E7: ='[1]بيفت MARS'!C25 -> 4.23987e+08 | F7: ='[1]بيفت MARS'!D25 -> 4.26158e+08 | G7: 5319192 | H7: =(D7-E7)/E7 -> -0.95835655 | I7: =(D7-F7)/F7 -> -0.9585687 | J7: =IFERROR(((D7-G7)/G7),0) -> 2.3193537
A8: أغسطس | B8: مدينة الرياض | C8: الرسوم والتراخيص | D8: 78843011 | E8: ='[1]بيفت MARS'!C26 -> 60697629 | F8: ='[1]بيفت MARS'!D26 -> 72532530 | G8: 509507 | H8: =(D8-E8)/E8 -> 0.29894713 | I8: =(D8-F8)/F8 -> 0.087002083 | J8: =IFERROR(((D8-G8)/G8),0) -> 153.74372
A9: أغسطس | B9: مدينة الرياض | C9: جزاءات وغرامات | D9: 12291881 | E9: ='[1]بيفت MARS'!C27 -> 30409277 | F9: ='[1]بيفت MARS'!D27 -> 36279741 | G9: 6087790 | H9: =(D9-E9)/E9 -> -0.59578516 | I9: =(D9-F9)/F9 -> -0.6611916 | J9: =IFERROR(((D9-G9)/G9),0) -> 1.019104
A10: أغسطس | B10: مدينة الرياض | C10: التبغ والإيواء | D10: 17155926 | E10: ='[1]بيفت MARS'!C28 -> 25865420 | F10: ='[1]بيفت MARS'!D28 -> 27885452 | G10: 448683 | H10: =(D10-E10)/E10 -> -0.33672349 | I10: =(D10-F10)/F10 -> -0.38477146 | J10: =IFERROR(((D10-G10)/G10),0) -> 37.236184
A11: أغسطس | B11: مدينة الرياض | C11: أخرى | D11: 196255.76 | E11: ='[1]بيفت MARS'!C29 -> 333333 | F11: ='[1]بيفت MARS'!D29 -> 541666.54 | H11: =(D11-E11)/E11 -> -0.41123213 | I11: =(D11-F11)/F11 -> -0.63768159 | J11: =IFERROR(((D11-G11)/G11),0) -> 0
A12: أغسطس | B12: بلديات المنطقة | C12: إيرادات إستثمارية | D12: =D2-D7 -> 5314986.9 | E12: =E2-E7 -> -3.6920054e+08 | F12: =F2-F7 -> -3.561583e+08 | G12: =G2-G7 -> 8453553 | H12: =(D12-E12)/E12 -> -1.0143959 | I12: =(D12-F12)/F12 -> -1.0149231 | J12: =IFERROR(((D12-G12)/G12),0) -> -0.37127182
A13: أغسطس | B13: بلديات المنطقة | C13: الرسوم والتراخيص | D13: =D3-D8 -> 43785933 | E13: =E3-E8 -> 37038957 | F13: =F3-F8 -> 27224187 | G13: =G3-G8 -> 65631 | H13: =(D13-E13)/E13 -> 0.18215891 | I13: =(D13-F13)/F13 -> 0.60834676 | J13: =IFERROR(((D13-G13)/G13),0) -> 666.15322
A14: أغسطس | B14: بلديات المنطقة | C14: جزاءات وغرامات | D14: =D4-D9 -> 457880 | E14: =E4-E9 -> 21379124 | F14: =F4-F9 -> 29272016 | G14: =G4-G9 -> 270750 | H14: =(D14-E14)/E14 -> -0.97858285 | I14: =(D14-F14)/F14 -> -0.98435776 | J14: =IFERROR(((D14-G14)/G14),0) -> 0.6911542
A15: أغسطس | B15: بلديات المنطقة | C15: التبغ والإيواء | D15: =D5-D10 -> 14606.99 | E15: =E5-E10 -> 2545982.8 | F15: =F5-F10 -> 2645008.7 | G15: =G5-G10 -> 0 | H15: =(D15-E15)/E15 -> -0.99426273 | I15: =(D15-F15)/F15 -> -0.99447753 | J15: =IFERROR(((D15-G15)/G15),0) -> 0
A16: أغسطس | B16: بلديات المنطقة | C16: أخرى | D16: =D6-D11 -> 72754 | E16: =E6-E11 -> 1295094.9 | F16: =F6-F11 -> 451803.28 | G16: =G6-G11 -> 0 | H16: =(D16-E16)/E16 -> -0.94382342 | I16: =(D16-F16)/F16 -> -0.83896974 | J16: =IFERROR(((D16-G16)/G16),0) -> 0

Sheet القطاع
A1: التنظيم الايداري | B1: القطاع | C1: التبويب | D1: إجمالي الفواتير للسنة الحالية | E1: فعلي | F1: محصل سنوات سابقة | G1: إجمالي المحصل
A2: مدينة الرياض | B2: قطاع الامانة - الجنوب | C2: إيرادات إستثمارية | D2: 1.5271347e+08 | E2: 1.0170027e+08 | F2: 23344337 | G2: 1.2504461e+08
A3: مدينة الرياض | B3: قطاع الامانة - الجنوب | C3: الرسوم والتراخيص | D3: 1.7411626e+08 | E3: 1.6258785e+08 | F3: 2391206.6 | G3: 1.6497906e+08
A4: مدينة الرياض | B4: قطاع الامانة - الجنوب | C4: جزاءات وغرامات | D4: 101995267 | E4: 20549896 | F4: 32295056 | G4: 52844952
A5: مدينة الرياض | B5: قطاع الامانة - الجنوب | C5: التبغ والإيواء | D5: 919643.8 | E5: 860000 | F5: 30000 | G5: 890000
A6: مدينة الرياض | B6: قطاع الامانة - الشرق | C6: إيرادات إستثمارية | D6: 65754099 | E6: 45948457 | F6: 10438963 | G6: 56387420
A7: مدينة الرياض | B7: قطاع الامانة - الشرق | C7: الرسوم والتراخيص | D7: 1.3293912e+08 | E7: 1.2665503e+08 | F7: 2173257.6 | G7: 1.2882829e+08
A8: مدينة الرياض | B8: قطاع الامانة - الشرق | C8: جزاءات وغرامات | D8: 187757054 | E8: 39030619 | F8: 20381276 | G8: 59411895
A9: مدينة الرياض | B9: قطاع الامانة - الشرق | C9: التبغ والإيواء | D9: 2400000 | E9: 2380000 | F9: 70000 | G9: 2450000
A10: مدينة الرياض | B10: قطاع الامانة - الشمال | C10: إيرادات إستثمارية | D10: 48659690 | E10: 38816585 | F10: 11688438 | G10: 50505023
A11: مدينة الرياض | B11: قطاع الامانة - الشمال | C11: الرسوم والتراخيص | D11: 1.0495579e+08 | E11: 1.0124159e+08 | F11: 1670868.6 | G11: 1.0291246e+08
A12: مدينة الرياض | B12: قطاع الامانة - الشمال | C12: جزاءات وغرامات | D12: 115785762 | E12: 21823278 | F12: 18050794 | G12: 39874072
A13: مدينة الرياض | B13: قطاع الامانة - الشمال | C13: التبغ والإيواء | D13: 2750000 | E13: 2750000 | F13: 70000 | G13: 2820000
... A41: بلديات المنطقة | B41: بلديات (هـ) | C41: التبغ والإيواء | D41: 1152034.2 | E41: 1065349.5 | F41: 7650.73 | G41: 1073000.2

Sheet الايرادات_الاستثمارية
A1: رمز الحساب | B1: اسم الحساب | C1: فعلي | D1: مقدر | E1: مستهدف | F1: محصل السنة الماضية | I1: محصل السنة الحالية | J1: محصل سنوات سابقة | O1: 5.7009312e+08
A2: 14155 | B2: ريع الأراضي (تأجير الأراض ) | C2: 6.1232842e+08 | D2: 3.9830159e+08 | E2: 3.7718557e+08 | F2: 4.0855539e+08 | I2: =(C2+C3+C4+C5+C6+C7)-J2 -> 8.8005463e+08 | J2: ='الايراد حتى تاريخه'!E2 -> 1.7209227e+08
A3: 142162 | B3: إيرادات تأجير المرافق | C3: 4.2839204e+08 | D3: 4.6114053e+08 | E3: 5.1516461e+08 | F3: 2.9754713e+08
A4: 142163 | B4: إيرادات تأجير مباني تجارية | C4: 9866784.3 | D4: 35586540 | E4: 35972775 | F4: 1176294.2
A5: 1421912 | B5: تأجير العقارات لأغراض مؤقته | C5: 1356112.6 | D5: 1129498.8 | E5: 1650904.8 | F5: 1626207.8
A6: 1421903 | B6: مبيعات التيار الكهربائي | C6: 143551.39 | D6: 1458401 | E6: 1458401 | F6: 1507854.5
A7: 141229 | B7: أرباح أخرى | C7: 60000 | D7: 30000000 | E7: 30000000 | F7: 30000

Sheet الجزاءات والتبغ والايواء
A1: التبويب | B1: اسم الحساب | C1: مفوتر | D1: فعلي | E1: محصل سنوات سابقة | F1: مقدر | G1: مستهدف | H1: محصل السنة الماضية
A2: الجزاءات والغرامات | B2: جزاءات وغرامات بموجب أنظمة الجهة | C2: 8.9842087e+08 | D2: 3.5639222e+08 | E2: 1.6610092e+08 | F2: 3.2413338e+08 | G2: 3.4271115e+08 | H2: 2.0204065e+08
A3: الجزاءات والغرامات | B3: جزاءات وغرامات المصادرات | C3: 1.7959719e+08 | D3: 1.7907819e+08 | E3: 0 | F3: 786592.58 | G3: 23519477 | H3: 3464816.5
A4: الجزاءات والغرامات | B4: جزاءات وغرامات الحسميات | C4: 99960252 | D4: 99960252 | E4: 0 | F4: 24202457 | G4: 60502457 | H4: 66992321
A5: التبغ والايواء | B5: رسوم مبيعات التبغ | C5: 75499119 | D5: 56783613 | E5: 2414671.3 | F5: 69420365 | G5: 73471718 | H5: 60700667
A6: التبغ والايواء | B6: رسوم ترخيص التبغ | C6: 13716284 | D6: 13851265 | E6: 563914.51 | F6: 14614517 | G6: 15428499 | H6: 14065248
A7: التبغ والايواء | B7: رسوم مبيعات الايواء | C7: 1.4483464e+08 | D7: 1.3844263e+08 | E7: 6554443.3 | F7: 2.0189174e+08 | G7: 2.1945544e+08 | H7: 1.6575989e+08

Sheet استقطاع
A1: التنظيم الايداري | B1: التبويب | C1: اسم الحساب | D1: الايراد | E1: المستقطع | F1: الحساب | G1: السنة
A2: مدينة الرياض | B2: التبغ والإيواء | C2: اشغال مرافق الإيواء | D2: 2.261953e+08 | E2: 33929294 | F2: 11442 | G2: 2025
A3: مدينة الرياض | B3: التبغ والإيواء | C3: رسم مبيعات محلات تقديم منتجات التبغ | D3: 75234435 | E3: 11285165 | F3: 1421911 | G3: 2025
A4: مدينة الرياض | B4: التبغ والإيواء | C4: رسم ترخيص نشاط تقديم منتجات التبغ | D4: 17445291 | E4: 2616793.7 | F4: 1422121 | G4: 2025
A5: مدينة الرياض | B5: الرسوم والتراخيص | C5: اصدار تراخيص المباني والأسوار | D5: 748672.59 | E5: 112300.89 | F5: 11452103 | G5: 2025
A6: مدينة الرياض | B6: الرسوم والتراخيص | C6: اصدار رخص الأنشطة التجارية | D6: 2.6451614e+08 | E6: 39677420 | F6: 11452104 | G6: 2025
A7: مدينة الرياض | B7: الرسوم والتراخيص | C7: اصدار القرارات المساحية وفرز الأراضي العقارية والوحدات السكنية وتجزئت | D7: 16593360 | E7: 2488966.1 | F7: 11452108 | G7: 2025
A8: مدينة الرياض | B8: الرسوم والتراخيص | C8: اصدار تراخيص أملاك خاصة لإقامة الفعاليات | D8: 389906.96 | E8: 58486.01 | F8: 11452110 | G8: 2025
A9: مدينة الرياض | B9: الرسوم والتراخيص | C9: المقابل المالي للسماح للأنشطة التجارية بالعمل لمدة 24 ساعة | D9: 6304824 | E9: 945723.38 | F9: 11452111 | G9: 2025
A10: مدينة الرياض | B10: الرسوم والتراخيص | C10: لوحات محلات | D10: 1.9633748e+08 | E10: 29450622 | F10: 11452512 | G10: 2025
A11: مدينة الرياض | B11: الرسوم والتراخيص | C11: اللوحـات الإعـلانيـة | D11: 46969424 | E11: 7045417.4 | F11: 142113 | G11: 2025
A12: مدينة الرياض | B12: الرسوم والتراخيص | C12: جمع النفايات | D12: 67704583 | E12: 10155624 | F12: 1421909 | G12: 2025
A13: مدينة الرياض | B13: الرسوم والتراخيص | C13: اصدار تراخيص إشغال الأرصفة العامة والطرق | D13: 4030082.9 | E13: 604511.82 | F13: 1421910 | G13: 2025
... A59: بلديات المنطقة | B59: الرسوم والتراخيص | C59: لوحات محلات | D59: 17361724 | E59: 2935014.1 | F59: 11452512 | G59: 2026

Sheet الاستقطاع_الامانات_الاخرى
A1: السنة | B1: قيمة الإيرادات لكافة الأمانات | C1: قيمة الإيرادات الفعلية للأمانة | D1: قيمة الاستقطاع لكافة الأمانات | E1: قيمة استقطاع الأمانة
A2: 2025 | B2: 3.9664987e+09 | C2: =SUMIF(استقطاع!G:G,A2,استقطاع!D:D) -> 1.0168419e+09 | D2: 5.9497793e+08 | E2: =SUMIF(استقطاع!G:G,A2,استقطاع!E:E) -> 1.5252617e+08
A3: 2026 | B3: 2972413900 | C3: =SUMIF(استقطاع!G:G,A3,استقطاع!D:D) -> 6.5714365e+08 | D3: 468178555 | E3: =SUMIF(استقطاع!G:G,A3,استقطاع!E:E) -> 1.1101767e+08

Sheet  السناريو_الاول_للاقفال
A1: السنة | B1: الشهر | C1: التبويب | D1: محصل | E1: مستهدف
A2: 2025 | B2: سبتمبر | C2: إيرادات إستثمارية | D2: 202560000 | E2: 2.4692064e+08
A3: 2025 | B3: سبتمبر | C3: الرسوم والتراخيص | D3: 194560000 | E3: 259428640
A4: 2025 | B4: سبتمبر | C4: جزاءات وغرامات | D4: 184560000 | E4: 235578640
A5: 2025 | B5: سبتمبر | C5: التبغ والإيواء | D5: 162560000 | E5: 198160640
A6: 2025 | B6: سبتمبر | C6: أخرى | D6: 174560000 | E6: 219148640
A7: 2025 | B7: سبتمبر | C7: نقل الملكية | D7: 162560000 | E7: 191800640
A8: 2025 | B8: أكتوبر | C8: إيرادات إستثمارية | D8: 81024000 | E8: 98768256
A9: 2025 | B9: أكتوبر | C9: الرسوم والتراخيص | D9: 77824000 | E9: 103771456
A10: 2025 | B10: أكتوبر | C10: جزاءات وغرامات | D10: 73824000 | E10: 94231456
A11: 2025 | B11: أكتوبر | C11: التبغ والإيواء | D11: 65024000 | E11: 79264256
A12: 2025 | B12: أكتوبر | C12: أخرى | D12: 69824000 | E12: 87659456
A13: 2025 | B13: أكتوبر | C13: نقل الملكية | D13: 65024000 | E13: 76720256
... A25: 2025 | B25: ديسمبر | C25: نقل الملكية | D25: 73054464 | E25: 86195208

Sheet  السناريو_الثاني_للاقفال
A1: السنة | B1: الشهر | C1: التبويب | D1: محصل | E1: مستهدف
A2: 2025 | B2: سبتمبر | C2: إيرادات إستثمارية | D2: 202560000 | E2: 2.4692064e+08
A3: 2025 | B3: سبتمبر | C3: الرسوم والتراخيص | D3: 194560000 | E3: 259428640
A4: 2025 | B4: سبتمبر | C4: جزاءات وغرامات | D4: 184560000 | E4: 235578640
A5: 2025 | B5: سبتمبر | C5: التبغ والإيواء | D5: 162560000 | E5: 198160640
A6: 2025 | B6: سبتمبر | C6: أخرى | D6: 174560000 | E6: 219148640
A7: 2025 | B7: سبتمبر | C7: نقل الملكية | D7: 162560000 | E7: 191800640
A8: 2025 | B8: أكتوبر | C8: إيرادات إستثمارية | D8: 81024000 | E8: 98768256
A9: 2025 | B9: أكتوبر | C9: الرسوم والتراخيص | D9: 77824000 | E9: 103771456
A10: 2025 | B10: أكتوبر | C10: جزاءات وغرامات | D10: 73824000 | E10: 94231456
A11: 2025 | B11: أكتوبر | C11: التبغ والإيواء | D11: 65024000 | E11: 79264256
A12: 2025 | B12: أكتوبر | C12: أخرى | D12: 69824000 | E12: 87659456
A13: 2025 | B13: أكتوبر | C13: نقل الملكية | D13: 65024000 | E13: 76720256
... A25: 2025 | B25: ديسمبر | C25: نقل الملكية | D25: 73054464 | E25: 86195208

Sheet الجزائات والغرامات
A1: السنة | B1: الشهر | C1: مفوتر الشهر | D1: محصل عن الفترة الماضية | E1: محصل عن ذات الشهر
A2: 2026 | B2: 1 | C2: 69753358 | D2: 0 | E2: 10703133
A3: 2026 | B3: 2 | C3: 69753359 | D3: 1 | E3: 10703134
A4: 2026 | B4: 3 | C4: 69753360 | D4: 2 | E4: 10703135
A5: 2026 | B5: 4 | C5: 69753361 | D5: 3 | E5: 10703136
A6: 2026 | B6: 5 | C6: 69753362 | D6: 4 | E6: 10703137
A7: 2026 | B7: 6 | C7: 69753363 | D7: 5 | E7: 10703138
A8: 2026 | B8: 7 | C8: 69753364 | D8: 6 | E8: 10703139
A9: 2026 | B9: 8 | C9: 69753365 | D9: 7 | E9: 10703140
A10: 2026 | B10: 9 | C10: 69753366 | D10: 8 | E10: 10703141
A11: 2026 | B11: 10 | C11: 69753367 | D11: 9 | E11: 10703142
A12: 2026 | B12: 11 | C12: 69753368 | D12: 10 | E12: 10703143
A13: 2026 | B13: 12 | C13: 69753369 | D13: 11 | E13: 10703144
... A49: 2023 | B49: 12 | C49: 69753405 | D49: 47 | E49: 10703180

Sheet التنفيذ_والاسترداد
A1: التنظيم الايداري | B1: التبويب | C1: قيمة الفواتير | D1: المنفذ | E1: اجمالي استرداد | F1: استرداد فعلي
A2: مدينة الرياض | B2: الإيرادات الاستثمارية | C2: 7.0874835e+08 | D2: 1.8327854e+08 | E2: 33527069 | F2: 20729756 | G2: =C2-C5 -> 6.2206703e+08
A3: مدينة الرياض | B3: جزاءات والغرامات | C3: 3.9100873e+08 | D3: 1.0532091e+08 | E3: 18780295 | F3: 18002800
A4: مدينة الرياض | B4: الرسوم والتراخيص | C4: 39565281 | D4: 25884027 | E4: 14019387 | F4: 13130105
A5: بلديات المنطقة | B5: الإيرادات الاستثمارية | C5: 86681322 | D5: 69889381 | E5: 9277948.2 | F5: 5714158.3
A6: بلديات المنطقة | B6: جزاءات والغرامات | C6: 14922940 | D6: 4172570 | E6: 369150 | F6: 364700
A7: بلديات المنطقة | B7: الرسوم والتراخيص | C7: 20865912 | D7: 39000 | E7: 96049.96 | F7: 93618.59
A8: مدينة الرياض | B8: التبغ والإيواء | C8: 6708 | D8: 6708 | E8: 0 | F8: 0
A9: مدينة الرياض | B9: أخرى | C9: 47604392 | D9: 20732965 | E9: 925000 | F9: 925000
A10: بلديات المنطقة | B10: التبغ والإيواء | C10: 0 | D10: 0 | E10: 0 | F10: 0
A11: بلديات المنطقة | B11: أخرى | C11: 49618.8 | D11: 23058 | E11: 500 | F11: 500

Sheet المفوتر
A1: السنة | B1: الشهر | C1: مفوتر | D1: صافي المفوتر | E1: محصل السنة الحالية | F1: محصل السنوات السابقة
A2: 2026 | B2: 1 | C2: 5.9267807e+08 | D2: 5.9054189e+08 | E2: 1.462642e+08 | F2: 92599758
A3: 2026 | B3: 2 | C3: 3.3608418e+08 | D3: 3.3461801e+08 | E3: 2.2120523e+08 | F3: 71387938
A4: 2026 | B4: 3 | C4: 2.6315e+08 | D4: 2.4616926e+08 | E4: 1.4453357e+08 | F4: 26884244
A5: 2026 | B5: 4 | C5: 8.8762688e+08 | D5: 8.808377e+08 | E5: 2.0978831e+08 | F5: 61828676
A6: 2026 | B6: 5 | C6: 2.8957622e+08 | D6: 2.8725684e+08 | E6: 2.0286864e+08 | F6: 58207513
A7: 2026 | B7: 6 | C7: 4.1442696e+08 | D7: 3.9304436e+08 | E7: 6.3516059e+08 | F7: 92328713
A8: 2026 | B8: 7 | C8: 4.1394724e+08 | D8: 3.680361e+08 | E8: 2.5374792e+08 | F8: 28912664
A9: 2026 | B9: 8 | C9: 3.258989e+08 | D9: 2.1598135e+08 | E9: 2.6341487e+08 | F9: 8521155.6
A10: 2026 | B10: 9 | C10: 3.7530202e+08 | D10: 1.4844475e+08 | E10: 2.5019333e+08 | F10: 12487498

Sheet الميزانية الاعتماد الأصلي
A1: السنة | B1: الشهر | C1: مستهدف_الإعتماد_الأصلي
A2: 2026 | B2: 1 | C2: 5.2371485e+08
A3: 2026 | B3: 2 | C3: 5.2371485e+08
A4: 2026 | B4: 3 | C4: 5.2371485e+08
A5: 2026 | B5: 4 | C5: 5.2371485e+08
A6: 2026 | B6: 5 | C6: 5.2371485e+08
A7: 2026 | B7: 6 | C7: 5.2371485e+08
A8: 2026 | B8: 7 | C8: 5.2371485e+08
A9: 2026 | B9: 8 | C9: 5.2371485e+08
A10: 2026 | B10: 9 | C10: 5.2371485e+08
A11: 2026 | B11: 10 | C11: 5.2371485e+08
A12: 2026 | B12: 11 | C12: 5.2371485e+08
A13: 2026 | B13: 12 | C13: 5.2371485e+08
C14: =SUM(C2:C10) -> 4.7134336e+09
C15: 3898690480
C16: =C15/C14 -> 0.82714445

Sheet الميزانية بعد  الاعتماد
A1: السنة | B1: الشهر | C1: مستهدف_بعد_الإعتماد | F1: 6285000000
A2: 2026 | B2: 1 | C2: =$F$1/12 -> 523750000
A3: 2026 | B3: 2 | C3: =$F$1/12 -> 523750000
A4: 2026 | B4: 3 | C4: =$F$1/12 -> 523750000
A5: 2026 | B5: 4 | C5: =$F$1/12 -> 523750000
A6: 2026 | B6: 5 | C6: =$F$1/12 -> 523750000
A7: 2026 | B7: 6 | C7: =$F$1/12 -> 523750000
A8: 2026 | B8: 7 | C8: =$F$1/12 -> 523750000
A9: 2026 | B9: 8 | C9: =$F$1/12 -> 523750000
A10: 2026 | B10: 9 | C10: =$F$1/12 -> 523750000
A11: 2026 | B11: 10 | C11: =$F$1/12 -> 523750000
A12: 2026 | B12: 11 | C12: =$F$1/12 -> 523750000
A13: 2026 | B13: 12 | C13: =$F$1/12 -> 523750000

Sheet مستهدف المفوتر
A1: السنة | B1: الشهر | C1: مستهدف_المفوتر
A2: 2026 | B2: 1 | C2: 317617005
A3: 2026 | B3: 2 | C3: 283642662
A4: 2026 | B4: 3 | C4: 275555760
A5: 2026 | B5: 4 | C5: 685041060
A6: 2026 | B6: 5 | C6: 362823293
A7: 2026 | B7: 6 | C7: 361707043
A8: 2026 | B8: 7 | C8: 364793034
A9: 2026 | B9: 8 | C9: 370437892
A10: 2026 | B10: 9 | C10: 363751458
A11: 2026 | B11: 10 | C11: 378036157
A12: 2026 | B12: 11 | C12: 858826917
A13: 2026 | B13: 12 | C13: 422362920

Sheet Sheet1
A3: Row Labels | B3: Sum of المفوتر
A4: الإيرادات المختلفة | B4: 4.6560215e+08
A5: إيرادات استثمار العقارات البلدية | B5: 1.2394803e+09
A6: إيرادات الجزاءات والغرامات | B6: 1.0473451e+09
A7: إيرادات الرسوم والمقابلات المالية | B7: 9.1834346e+08
A8: إيرادات رسم إشغال مرافق الإيواء | B8: 1.4095283e+08
A9: إيرادات رسم تقديم منتجات التبغ | B9: 86966605
A10: (blank)
A11: Grand Total | B11: 3.8986905e+09

Sheet مفوتر تبويبات الوزارة
A1: السنة | B1: الشهر | C1: التبويب | D1: البند | E1: المفوتر
A2: 2026 | B2: 1 | C2: إيرادات رسم إشغال مرافق الإيواء | D2: إشغال الفنادق والشقق المفروشة والمنتجعات السياحية | E2: 22331040
A3: 2026 | B3: 1 | C3: إيرادات الرسوم والمقابلات المالية | D3: إصد ارالتراخيص بتأسيس أو تشغيل أبراج الاتصالات | E3: 110700
A4: 2026 | B4: 1 | C4: إيرادات الرسوم والمقابلات المالية | D4: إصدار التراخيص بتأسيس أو تشغيل الصراف الآلي | E4: 26000
A5: 2026 | B5: 1 | C5: إيرادات الرسوم والمقابلات المالية | D5: إصدار الشهادات الصحية | E5: 3237945.8
A6: 2026 | B6: 1 | C6: إيرادات الرسوم والمقابلات المالية | D6: إصدار القرارات المساحية وفرز الأراضي والعقارات والوحدات السكنية وتجزئتها | E6: 3009992.2
A7: 2026 | B7: 1 | C7: إيرادات الرسوم والمقابلات المالية | D7: إصدار تراخيص استخدام أملاك خاصة لإقامة فعاليات | E7: 13075.49
A8: 2026 | B8: 1 | C8: إيرادات الرسوم والمقابلات المالية | D8: إصدار تراخيص إشغال الأرصفة العامة والطرق | E8: 567489.58
A9: 2026 | B9: 1 | C9: إيرادات الرسوم والمقابلات المالية | D9: إصدار تراخيص الإنشاء وترميم والهدم | E9: 29609805
A10: 2026 | B10: 1 | C10: إيرادات الرسوم والمقابلات المالية | D10: إصدار تراخيص حفر الشوارع | E10: 0
A11: 2026 | B11: 1 | C11: إيرادات الرسوم والمقابلات المالية | D11: إصدار رخص الأنشطة التجارية | E11: 27947454
A12: 2026 | B12: 1 | C12: إيرادات الرسوم والمقابلات المالية | D12: اعتماد مخططات التطوير العقاري | E12: 0
A13: 2026 | B13: 1 | C13: الإيرادات المختلفة | D13: الإيرادات المختلفة | E13: 2.2892277e+08
... A199: 2026 | B199: 9 | C199: إيرادات رسم تقديم منتجات التبغ | D199: رسم مبيعات محلات تقديم منتجات التبغ | E199: 8894726.4

Sheet مستهدف الوزارة 
A1: السنة | B1: الشهر | C1: التبويب | D1: البند | E1: المستهدف
A2: 2026 | B2: 1 | C2: إيرادات رسم إشغال مرافق الإيواء | D2: إشغال الفنادق والشقق المفروشة والمنتجعات السياحية | E2: 26127346
A3: 2026 | B3: 1 | C3: إيرادات الرسوم والمقابلات المالية | D3: إصد ارالتراخيص بتأسيس أو تشغيل أبراج الاتصالات | E3: 126052.34
A4: 2026 | B4: 1 | C4: إيرادات الرسوم والمقابلات المالية | D4: إصدار التراخيص بتأسيس أو تشغيل الصراف الآلي | E4: 175950.13
A5: 2026 | B5: 1 | C5: إيرادات الرسوم والمقابلات المالية | D5: إصدار الشهادات الصحية | E5: 2088300.1
A6: 2026 | B6: 1 | C6: إيرادات الرسوم والمقابلات المالية | D6: إصدار القرارات المساحية وفرز الأراضي والعقارات والوحدات السكنية وتجزئتها | E6: 2385894.7
A7: 2026 | B7: 1 | C7: إيرادات الرسوم والمقابلات المالية | D7: إصدار تراخيص استخدام أملاك خاصة لإقامة فعاليات | E7: 261557.99
A8: 2026 | B8: 1 | C8: إيرادات الرسوم والمقابلات المالية | D8: إصدار تراخيص إشغال الأرصفة العامة والطرق | E8: 423956.75
A9: 2026 | B9: 1 | C9: إيرادات الرسوم والمقابلات المالية | D9: إصدار تراخيص الإنشاء وترميم والهدم | E9: 28843370
A10: 2026 | B10: 1 | C10: إيرادات الرسوم والمقابلات المالية | D10: إصدار تراخيص حفر الشوارع | E10: 76487.619
A11: 2026 | B11: 1 | C11: إيرادات الرسوم والمقابلات المالية | D11: إصدار رخص الأنشطة التجارية | E11: 42165828
A12: 2026 | B12: 1 | C12: إيرادات الرسوم والمقابلات المالية | D12: اعتماد مخططات التطوير العقاري | E12: 161256.77
A13: 2026 | B13: 1 | C13: الإيرادات المختلفة | D13: الإيرادات المختلفة | E13: 23986428
... A265: 2026 | B265: 12 | C265: إيرادات رسم تقديم منتجات التبغ | D265: رسم مبيعات محلات تقديم منتجات التبغ | E265: 17901965

Sheet المديونية
A1: السنة | B1: التبويب | C1: رصيد المديونية الإجمالي | D1: مبلغ المديونية المتبقي حتى تاريخه | E1: ما تم سداده السنة الحالية | F1: الملغي من المديونية
A2: 2009 | B2: إيرادات استثمارية | C2: 74429 | D2: =C2-(F2+E2) -> 64829 | E2: 9600 | F2: 0
A3: 2010 | B3: إيرادات استثمارية | C3: 197536 | D3: =C3-(F3+E3) -> 167028 | E3: 11318 | F3: 19190
A4: 2011 | B4: إيرادات استثمارية | C4: 9107762 | D4: =C4-(F4+E4) -> 5001540 | E4: 4043157 | F4: 63065
A5: 2012 | B5: إيرادات استثمارية | C5: 544138 | D5: =C5-(F5+E5) -> 314564.5 | E5: 30563.5 | F5: 199010
A6: 2013 | B6: إيرادات استثمارية | C6: 1264631 | D6: =C6-(F6+E6) -> 1206380 | E6: 36476 | F6: 21775
A7: 2014 | B7: إيرادات استثمارية | C7: 4065625.2 | D7: =C7-(F7+E7) -> 3779769.2 | E7: 195320.98 | F7: 90535
A8: 2015 | B8: إيرادات استثمارية | C8: 7708966.7 | D8: =C8-(F8+E8) -> 6945779.7 | E8: 730587 | F8: 32600
A9: 2016 | B9: إيرادات استثمارية | C9: 6275880.9 | D9: =C9-(F9+E9) -> 5517829.7 | E9: 588226.23 | F9: 169825
A10: 2017 | B10: إيرادات استثمارية | C10: 27942152 | D10: =C10-(F10+E10) -> 26591116 | E10: 1166371 | F10: 184665
A11: 2018 | B11: إيرادات استثمارية | C11: 13655910 | D11: =C11-(F11+E11) -> 10682093 | E11: 2807639.5 | F11: 166178.13
A12: 2019 | B12: إيرادات استثمارية | C12: 22634929 | D12: =C12-(F12+E12) -> 20916719 | E12: 1688322.7 | F12: 29887.5
A13: 2020 | B13: إيرادات استثمارية | C13: 16114596 | D13: =C13-(F13+E13) -> 14330013 | E13: 1740527.2 | F13: 44056.26
... A18: 2025 | B18: إيرادات استثمارية | C18: 2.1209235e+08 | D18: =C18-(F18+E18) -> 85940734 | E18: 1.1580708e+08 | F18: 10344528
A19: 2007 | B19: جزاءات وغرامات | C19: 98800 | D19: 98800 | E19: 0 | F19: 0
A20: 2008 | B20: جزاءات وغرامات | C20: 1073292.2 | D20: 1073292.2 | E20: 0 | F20: 0
A21: 2009 | B21: جزاءات وغرامات | C21: 1172825.5 | D21: 1172825.5 | E21: 0 | F21: 0
A22: 2010 | B22: جزاءات وغرامات | C22: 1284324 | D22: 1284324 | E22: 0 | F22: 0
A23: 2011 | B23: جزاءات وغرامات | C23: 1056538 | D23: 1056538 | E23: 0 | F23: 0
A24: 2012 | B24: جزاءات وغرامات | C24: 1259633 | D24: 1259633 | E24: 0 | F24: 0
A25: 2013 | B25: جزاءات وغرامات | C25: 1812469 | D25: 1812469 | E25: 0 | F25: 0
A26: 2014 | B26: جزاءات وغرامات | C26: 2491124.4 | D26: 2490624.4 | E26: 500 | F26: 0
A27: 2015 | B27: جزاءات وغرامات | C27: 2530699 | D27: 2526599 | E27: 500 | F27: 0
A28: 2016 | B28: جزاءات وغرامات | C28: 6377824.7 | D28: 6377824.7 | E28: 4100 | F28: 0
A29: 2017 | B29: جزاءات وغرامات | C29: 7930286 | D29: 7929886 | E29: 5500 | F29: 0
A30: 2018 | B30: جزاءات وغرامات | C30: 24403360 | D30: 24385960 | E30: 33600 | F30: 0
... A63: 2025 | B63: أخرى | C63: 97553508 | D63: 78236734 | E63: 19281575 | F63: 35200
